<?xml version="1.0" encoding="UTF-8" standalone="yes"?>
<addon id="repository.kingul.repo" name="Kingul's Addons" version="1.0.0" provider-name="kingul">
	<extension point="xbmc.addon.repository" name="Kingul's Addons">
		<info compressed="false">https://raw.githubusercontent.com/viorel-m/kodi-repo/master/addons.xml</info>
		<checksum>https://raw.githubusercontent.com/viorel-m/kodi-repo/master/addons.xml.md5</checksum>
		<datadir zip="true">https://raw.githubusercontent.com/viorel-m/kodi-repo/master/</datadir>
	</extension>
	<extension point="xbmc.addon.metadata">
		<summary>Install Addons from https://github.com/viorel-m/kodi-repo</summary>
		<description>Download and install addons for Kodi.</description>
		<platform>all</platform>
	</extension>
</addon>